Population_Name,Region,Latitude,Longitude
European,Germany,51.1657,10.4515
African Others,Nigeria,9.082,8.6753
East Asian,China,35.8617,104.1954
African American,USA,37.0902,-95.7129
Latin American 1,Mexico,23.6345,-102.5528
Latin American 2,Brazil,-14.235,-51.9253
Other Asian,Philippines,12.8797,121.774
South Asian,India,20.5937,78.9629
African,Kenya,-1.2921,36.8219
Asian,Indonesia,-0.7893,113.9213
Total,Global Average,0,0
Other,N/A,N/A,N/A
